ID,Segment,Country, Product ,Units Sold, Manufacturing Price , Sale Price , Gross Sales , Profit ,Date
entry-1,Government,Canada, Carretera ,1618.5,3.00,20.00," $32,370.00 "," $16,185.00 ",2014-01-01
entry-2,Government,Germany, Carretera ,1321,3.00,20.00," $26,420.00 "," $13,210.00 ",2014-01-01
entry-3,Midmarket,France, Carretera ,2178,3.00,15.00," $32,670.00 "," $10,890.00 ",2014-06-01
entry-4,Midmarket,Germany, Carretera ,888,3.00,15.00," $13,320.00 "," $4,440.00 ",2014-06-01
entry-5,Midmarket,Mexico, Carretera ,2470,3.00,15.00," $37,050.00 "," $12,350.00 ",2014-06-01
entry-6,Government,Germany, Carretera ,1513,3.00,350.00," $5,29,550.00 "," $1,36,170.00 ",2014-12-01
entry-7,Midmarket,Germany, Montana ,921,5.00,15.00," $13,815.00 "," $4,605.00 ",2014-03-01
entry-8,Channel Partners,Canada, Montana ,2518,5.00,12.00," $30,216.00 "," $22,662.00 ",2014-06-01
entry-9,Government,France, Montana ,1899,5.00,20.00," $37,980.00 "," $18,990.00 ",2014-06-01
entry-10,Channel Partners,Germany, Montana ,1545,5.00,12.00," $18,540.00 "," $13,905.00 ",2014-06-01
entry-11,Midmarket,Mexico, Montana ,2470,5.00,15.00," $37,050.00 "," $12,350.00 ",2014-06-01
entry-12,Enterprise,Canada, Montana ,2665.5,5.00,125.00," $3,33,187.50 "," $13,327.50 ",2014-07-01
entry-13,Small Business,Mexico, Montana ,958,5.00,300.00," $2,87,400.00 "," $47,900.00 ",2014-08-01
entry-14,Government,Germany, Montana ,2146,5.00,7.00," $15,022.00 "," $4,292.00 ",2014-09-01
entry-15,Enterprise,Canada, Montana ,345,5.00,125.00," $43,125.00 "," $1,725.00 ",2013-10-01
entry-16,Midmarket,United States of America, Montana ,615,5.00,15.00," $9,225.00 "," $3,075.00 ",2014-12-01
entry-17,Government,Canada, Paseo ,292,10.00,20.00," $5,840.00 "," $2,920.00 ",2014-02-01
entry-18,Midmarket,Mexico, Paseo ,974,10.00,15.00," $14,610.00 "," $4,870.00 ",2014-02-01
entry-19,Channel Partners,Canada, Paseo ,2518,10.00,12.00," $30,216.00 "," $22,662.00 ",2014-06-01
entry-20,Government,Germany, Paseo ,1006,10.00,350.00," $3,52,100.00 "," $90,540.00 ",2014-06-01
entry-21,Channel Partners,Germany, Paseo ,367,10.00,12.00," $4,404.00 "," $3,303.00 ",2014-07-01
entry-22,Government,Mexico, Paseo ,883,10.00,7.00," $6,181.00 "," $1,766.00 ",2014-08-01
entry-23,Midmarket,France, Paseo ,549,10.00,15.00," $8,235.00 "," $2,745.00 ",2013-09-01
entry-24,Small Business,Mexico, Paseo ,788,10.00,300.00," $2,36,400.00 "," $39,400.00 ",2013-09-01
entry-25,Midmarket,Mexico, Paseo ,2472,10.00,15.00," $37,080.00 "," $12,360.00 ",2014-09-01
entry-26,Government,United States of America, Paseo ,1143,10.00,7.00," $8,001.00 "," $2,286.00 ",2014-10-01
entry-27,Government,Canada, Paseo ,1725,10.00,350.00," $6,03,750.00 "," $1,55,250.00 ",2013-11-01
entry-28,Channel Partners,United States of America, Paseo ,912,10.00,12.00," $10,944.00 "," $8,208.00 ",2013-11-01
entry-29,Midmarket,Canada, Paseo ,2152,10.00,15.00," $32,280.00 "," $10,760.00 ",2013-12-01
entry-30,Government,Canada, Paseo ,1817,10.00,20.00," $36,340.00 "," $18,170.00 ",2014-12-01
entry-31,Government,Germany, Paseo ,1513,10.00,350.00," $5,29,550.00 "," $1,36,170.00 ",2014-12-01
entry-32,Government,Mexico, Velo ,1493,120.00,7.00," $10,451.00 "," $2,986.00 ",2014-01-01
entry-33,Enterprise,France, Velo ,1804,120.00,125.00," $2,25,500.00 "," $9,020.00 ",2014-02-01
entry-34,Channel Partners,Germany, Velo ,2161,120.00,12.00," $25,932.00 "," $19,449.00 ",2014-03-01
entry-35,Government,Germany, Velo ,1006,120.00,350.00," $3,52,100.00 "," $90,540.00 ",2014-06-01
entry-36,Channel Partners,Germany, Velo ,1545,120.00,12.00," $18,540.00 "," $13,905.00 ",2014-06-01
entry-37,Enterprise,United States of America, Velo ,2821,120.00,125.00," $3,52,625.00 "," $14,105.00 ",2014-08-01
entry-38,Enterprise,Canada, Velo ,345,120.00,125.00," $43,125.00 "," $1,725.00 ",2013-10-01
entry-39,Small Business,Canada, VTT ,2001,250.00,300.00," $6,00,300.00 "," $1,00,050.00 ",2014-02-01
entry-40,Channel Partners,Germany, VTT ,2838,250.00,12.00," $34,056.00 "," $25,542.00 ",2014-04-01
entry-41,Midmarket,France, VTT ,2178,250.00,15.00," $32,670.00 "," $10,890.00 ",2014-06-01
entry-42,Midmarket,Germany, VTT ,888,250.00,15.00," $13,320.00 "," $4,440.00 ",2014-06-01
entry-43,Government,France, VTT ,1527,250.00,350.00," $5,34,450.00 "," $1,37,430.00 ",2013-09-01
entry-44,Small Business,France, VTT ,2151,250.00,300.00," $6,45,300.00 "," $1,07,550.00 ",2014-09-01
entry-45,Government,Canada, VTT ,1817,250.00,20.00," $36,340.00 "," $18,170.00 ",2014-12-01
entry-46,Government,France, Amarilla ,2750,260.00,350.00," $9,62,500.00 "," $2,47,500.00 ",2014-02-01
entry-47,Channel Partners,United States of America, Amarilla ,1953,260.00,12.00," $23,436.00 "," $17,577.00 ",2014-04-01
entry-48,Enterprise,Germany, Amarilla ,4219.5,260.00,125.00," $5,27,437.50 "," $21,097.50 ",2014-04-01
entry-49,Government,France, Amarilla ,1899,260.00,20.00," $37,980.00 "," $18,990.00 ",2014-06-01
entry-50,Government,Germany, Amarilla ,1686,260.00,7.00," $11,802.00 "," $3,372.00 ",2014-07-01
entry-51,Channel Partners,United States of America, Amarilla ,2141,260.00,12.00," $25,692.00 "," $19,269.00 ",2014-08-01
entry-52,Government,United States of America, Amarilla ,1143,260.00,7.00," $8,001.00 "," $2,286.00 ",2014-10-01
entry-53,Midmarket,United States of America, Amarilla ,615,260.00,15.00," $9,225.00 "," $3,075.00 ",2014-12-01
entry-54,Government,France, Paseo ,3945,10.00,7.00," $27,615.00 "," $7,613.85 ",2014-01-01
entry-55,Midmarket,France, Paseo ,2296,10.00,15.00," $34,440.00 "," $11,135.60 ",2014-02-01
entry-56,Government,France, Paseo ,1030,10.00,7.00," $7,210.00 "," $1,987.90 ",2014-05-01
entry-57,Government,France, Velo ,639,120.00,7.00," $4,473.00 "," $1,233.27 ",2014-11-01
entry-58,Government,Canada, VTT ,1326,250.00,7.00," $9,282.00 "," $2,559.18 ",2014-03-01
entry-59,Channel Partners,United States of America, Carretera ,1858,3.00,12.00," $22,296.00 "," $16,499.04 ",2014-02-01
entry-60,Government,Mexico, Carretera ,1210,3.00,350.00," $4,23,500.00 "," $1,04,665.00 ",2014-03-01
entry-61,Government,United States of America, Carretera ,2529,3.00,7.00," $17,703.00 "," $4,880.97 ",2014-07-01
entry-62,Channel Partners,Canada, Carretera ,1445,3.00,12.00," $17,340.00 "," $12,831.60 ",2014-09-01
entry-63,Enterprise,United States of America, Carretera ,330,3.00,125.00," $41,250.00 "," $1,237.50 ",2013-09-01
entry-64,Channel Partners,France, Carretera ,2671,3.00,12.00," $32,052.00 "," $23,718.48 ",2014-09-01
entry-65,Channel Partners,Germany, Carretera ,766,3.00,12.00," $9,192.00 "," $6,802.08 ",2013-10-01
entry-66,Small Business,Mexico, Carretera ,494,3.00,300.00," $1,48,200.00 "," $23,218.00 ",2013-10-01
entry-67,Government,Mexico, Carretera ,1397,3.00,350.00," $4,88,950.00 "," $1,20,840.50 ",2014-10-01
entry-68,Government,France, Carretera ,2155,3.00,350.00," $7,54,250.00 "," $1,86,407.50 ",2014-12-01
entry-69,Midmarket,Mexico, Montana ,2214,5.00,15.00," $33,210.00 "," $10,737.90 ",2014-03-01
entry-70,Small Business,United States of America, Montana ,2301,5.00,300.00," $6,90,300.00 "," $1,08,147.00 ",2014-04-01
entry-71,Government,France, Montana ,1375.5,5.00,20.00," $27,510.00 "," $13,479.90 ",2014-07-01
entry-72,Government,Canada, Montana ,1830,5.00,7.00," $12,810.00 "," $3,531.90 ",2014-08-01
entry-73,Small Business,United States of America, Montana ,2498,5.00,300.00," $7,49,400.00 "," $1,17,406.00 ",2013-09-01
entry-74,Enterprise,United States of America, Montana ,663,5.00,125.00," $82,875.00 "," $2,486.25 ",2013-10-01
entry-75,Midmarket,United States of America, Paseo ,1514,10.00,15.00," $22,710.00 "," $7,342.90 ",2014-02-01
entry-76,Government,United States of America, Paseo ,4492.5,10.00,7.00," $31,447.50 "," $8,670.53 ",2014-04-01
entry-77,Enterprise,United States of America, Paseo ,727,10.00,125.00," $90,875.00 "," $2,726.25 ",2014-06-01
entry-78,Enterprise,France, Paseo ,787,10.00,125.00," $98,375.00 "," $2,951.25 ",2014-06-01
entry-79,Enterprise,Mexico, Paseo ,1823,10.00,125.00," $2,27,875.00 "," $6,836.25 ",2014-07-01
entry-80,Midmarket,Germany, Paseo ,747,10.00,15.00," $11,205.00 "," $3,622.95 ",2014-09-01
entry-81,Channel Partners,Germany, Paseo ,766,10.00,12.00," $9,192.00 "," $6,802.08 ",2013-10-01
entry-82,Small Business,United States of America, Paseo ,2905,10.00,300.00," $8,71,500.00 "," $1,36,535.00 ",2014-11-01
entry-83,Government,France, Paseo ,2155,10.00,350.00," $7,54,250.00 "," $1,86,407.50 ",2014-12-01
entry-84,Government,France, Velo ,3864,120.00,20.00," $77,280.00 "," $37,867.20 ",2014-04-01
entry-85,Government,Mexico, Velo ,362,120.00,7.00," $2,534.00 ", $698.66 ,2014-05-01
entry-86,Enterprise,Canada, Velo ,923,120.00,125.00," $1,15,375.00 "," $3,461.25 ",2014-08-01
entry-87,Enterprise,United States of America, Velo ,663,120.00,125.00," $82,875.00 "," $2,486.25 ",2013-10-01
entry-88,Government,Canada, Velo ,2092,120.00,7.00," $14,644.00 "," $4,037.56 ",2013-11-01
entry-89,Government,Germany, VTT ,263,250.00,7.00," $1,841.00 ", $507.59 ,2014-03-01
entry-90,Government,Canada, VTT ,943.5,250.00,350.00," $3,30,225.00 "," $81,612.75 ",2014-04-01
entry-91,Enterprise,United States of America, VTT ,727,250.00,125.00," $90,875.00 "," $2,726.25 ",2014-06-01
entry-92,Enterprise,France, VTT ,787,250.00,125.00," $98,375.00 "," $2,951.25 ",2014-06-01
entry-93,Small Business,Germany, VTT ,986,250.00,300.00," $2,95,800.00 "," $46,342.00 ",2014-09-01
entry-94,Small Business,Mexico, VTT ,494,250.00,300.00," $1,48,200.00 "," $23,218.00 ",2013-10-01
entry-95,Government,Mexico, VTT ,1397,250.00,350.00," $4,88,950.00 "," $1,20,840.50 ",2014-10-01
entry-96,Enterprise,France, VTT ,1744,250.00,125.00," $2,18,000.00 "," $6,540.00 ",2014-11-01
entry-97,Channel Partners,United States of America, Amarilla ,1989,260.00,12.00," $23,868.00 "," $17,662.32 ",2013-09-01
entry-98,Midmarket,France, Amarilla ,321,260.00,15.00," $4,815.00 "," $1,556.85 ",2013-11-01
entry-99,Enterprise,Canada, Carretera ,742.5,3.00,125.00," $92,812.50 "," $1,856.25 ",2014-04-01
entry-100,Channel Partners,Canada, Carretera ,1295,3.00,12.00," $15,540.00 "," $11,344.20 ",2014-10-01
entry-101,Small Business,Germany, Carretera ,214,3.00,300.00," $64,200.00 "," $9,416.00 ",2013-10-01
entry-102,Government,France, Carretera ,2145,3.00,7.00," $15,015.00 "," $3,989.70 ",2013-11-01
entry-103,Government,Canada, Carretera ,2852,3.00,350.00," $9,98,200.00 "," $2,36,716.00 ",2014-12-01
entry-104,Channel Partners,United States of America, Montana ,1142,5.00,12.00," $13,704.00 "," $10,003.92 ",2014-06-01
entry-105,Government,United States of America, Montana ,1566,5.00,20.00," $31,320.00 "," $15,033.60 ",2014-10-01
entry-106,Channel Partners,Mexico, Montana ,690,5.00,12.00," $8,280.00 "," $6,044.40 ",2014-11-01
entry-107,Enterprise,Mexico, Montana ,1660,5.00,125.00," $2,07,500.00 "," $4,150.00 ",2013-11-01
entry-108,Midmarket,Canada, Paseo ,2363,10.00,15.00," $35,445.00 "," $11,106.10 ",2014-02-01
entry-109,Small Business,France, Paseo ,918,10.00,300.00," $2,75,400.00 "," $40,392.00 ",2014-05-01
entry-110,Small Business,Germany, Paseo ,1728,10.00,300.00," $5,18,400.00 "," $76,032.00 ",2014-05-01
entry-111,Channel Partners,United States of America, Paseo ,1142,10.00,12.00," $13,704.00 "," $10,003.92 ",2014-06-01
entry-112,Enterprise,Mexico, Paseo ,662,10.00,125.00," $82,750.00 "," $1,655.00 ",2014-06-01
entry-113,Channel Partners,Canada, Paseo ,1295,10.00,12.00," $15,540.00 "," $11,344.20 ",2014-10-01
entry-114,Enterprise,Germany, Paseo ,809,10.00,125.00," $1,01,125.00 "," $2,022.50 ",2013-10-01
entry-115,Enterprise,Mexico, Paseo ,2145,10.00,125.00," $2,68,125.00 "," $5,362.50 ",2013-10-01
entry-116,Channel Partners,France, Paseo ,1785,10.00,12.00," $21,420.00 "," $15,636.60 ",2013-11-01
entry-117,Small Business,Canada, Paseo ,1916,10.00,300.00," $5,74,800.00 "," $84,304.00 ",2014-12-01
entry-118,Government,Canada, Paseo ,2852,10.00,350.00," $9,98,200.00 "," $2,36,716.00 ",2014-12-01
entry-119,Enterprise,Canada, Paseo ,2729,10.00,125.00," $3,41,125.00 "," $6,822.50 ",2014-12-01
entry-120,Midmarket,United States of America, Paseo ,1925,10.00,15.00," $28,875.00 "," $9,047.50 ",2013-12-01
entry-121,Government,United States of America, Paseo ,2013,10.00,7.00," $14,091.00 "," $3,744.18 ",2013-12-01
entry-122,Channel Partners,France, Paseo ,1055,10.00,12.00," $12,660.00 "," $9,241.80 ",2014-12-01
entry-123,Channel Partners,Mexico, Paseo ,1084,10.00,12.00," $13,008.00 "," $9,495.84 ",2014-12-01
entry-124,Government,United States of America, Velo ,1566,120.00,20.00," $31,320.00 "," $15,033.60 ",2014-10-01
entry-125,Government,Germany, Velo ,2966,120.00,350.00," $10,38,100.00 "," $2,46,178.00 ",2013-10-01
entry-126,Government,Germany, Velo ,2877,120.00,350.00," $10,06,950.00 "," $2,38,791.00 ",2014-10-01
entry-127,Enterprise,Germany, Velo ,809,120.00,125.00," $1,01,125.00 "," $2,022.50 ",2013-10-01
entry-128,Enterprise,Mexico, Velo ,2145,120.00,125.00," $2,68,125.00 "," $5,362.50 ",2013-10-01
entry-129,Channel Partners,France, Velo ,1055,120.00,12.00," $12,660.00 "," $9,241.80 ",2014-12-01
entry-130,Government,Mexico, Velo ,544,120.00,20.00," $10,880.00 "," $5,222.40 ",2013-12-01
entry-131,Channel Partners,Mexico, Velo ,1084,120.00,12.00," $13,008.00 "," $9,495.84 ",2014-12-01
entry-132,Enterprise,Mexico, VTT ,662,250.00,125.00," $82,750.00 "," $1,655.00 ",2014-06-01
entry-133,Small Business,Germany, VTT ,214,250.00,300.00," $64,200.00 "," $9,416.00 ",2013-10-01
entry-134,Government,Germany, VTT ,2877,250.00,350.00," $10,06,950.00 "," $2,38,791.00 ",2014-10-01
entry-135,Enterprise,Canada, VTT ,2729,250.00,125.00," $3,41,125.00 "," $6,822.50 ",2014-12-01
entry-136,Government,United States of America, VTT ,266,250.00,350.00," $93,100.00 "," $22,078.00 ",2013-12-01
entry-137,Government,Mexico, VTT ,1940,250.00,350.00," $6,79,000.00 "," $1,61,020.00 ",2013-12-01
entry-138,Small Business,Germany, Amarilla ,259,260.00,300.00," $77,700.00 "," $11,396.00 ",2014-03-01
entry-139,Small Business,Mexico, Amarilla ,1101,260.00,300.00," $3,30,300.00 "," $48,444.00 ",2014-03-01
entry-140,Enterprise,Germany, Amarilla ,2276,260.00,125.00," $2,84,500.00 "," $5,690.00 ",2014-05-01
entry-141,Government,Germany, Amarilla ,2966,260.00,350.00," $10,38,100.00 "," $2,46,178.00 ",2013-10-01
entry-142,Government,United States of America, Amarilla ,1236,260.00,20.00," $24,720.00 "," $11,865.60 ",2014-11-01
entry-143,Government,France, Amarilla ,941,260.00,20.00," $18,820.00 "," $9,033.60 ",2014-11-01
entry-144,Small Business,Canada, Amarilla ,1916,260.00,300.00," $5,74,800.00 "," $84,304.00 ",2014-12-01
entry-145,Enterprise,France, Carretera ,4243.5,3.00,125.00," $5,30,437.50 "," $5,304.38 ",2014-04-01
entry-146,Government,Germany, Carretera ,2580,3.00,20.00," $51,600.00 "," $24,252.00 ",2014-04-01
entry-147,Small Business,Germany, Carretera ,689,3.00,300.00," $2,06,700.00 "," $28,249.00 ",2014-06-01
entry-148,Channel Partners,United States of America, Carretera ,1947,3.00,12.00," $23,364.00 "," $16,822.08 ",2014-09-01
entry-149,Channel Partners,Canada, Carretera ,908,3.00,12.00," $10,896.00 "," $7,845.12 ",2013-12-01
entry-150,Government,Germany, Montana ,1958,5.00,7.00," $13,706.00 "," $3,504.82 ",2014-02-01
entry-151,Channel Partners,France, Montana ,1901,5.00,12.00," $22,812.00 "," $16,424.64 ",2014-06-01
entry-152,Government,France, Montana ,544,5.00,7.00," $3,808.00 ", $973.76 ,2014-09-01
entry-153,Government,Germany, Montana ,1797,5.00,350.00," $6,28,950.00 "," $1,42,861.50 ",2013-09-01
entry-154,Enterprise,France, Montana ,1287,5.00,125.00," $1,60,875.00 "," $1,608.75 ",2014-12-01
entry-155,Enterprise,Germany, Montana ,1706,5.00,125.00," $2,13,250.00 "," $2,132.50 ",2014-12-01
entry-156,Small Business,France, Paseo ,2434.5,10.00,300.00," $7,30,350.00 "," $99,814.50 ",2014-01-01
entry-157,Enterprise,Canada, Paseo ,1774,10.00,125.00," $2,21,750.00 "," $2,217.50 ",2014-03-01
entry-158,Channel Partners,France, Paseo ,1901,10.00,12.00," $22,812.00 "," $16,424.64 ",2014-06-01
entry-159,Small Business,Germany, Paseo ,689,10.00,300.00," $2,06,700.00 "," $28,249.00 ",2014-06-01
entry-160,Enterprise,Germany, Paseo ,1570,10.00,125.00," $1,96,250.00 "," $1,962.50 ",2014-06-01
entry-161,Channel Partners,United States of America, Paseo ,1369.5,10.00,12.00," $16,434.00 "," $11,832.48 ",2014-07-01
entry-162,Enterprise,Canada, Paseo ,2009,10.00,125.00," $2,51,125.00 "," $2,511.25 ",2014-10-01
entry-163,Midmarket,Germany, Paseo ,1945,10.00,15.00," $29,175.00 "," $8,849.75 ",2013-10-01
entry-164,Enterprise,France, Paseo ,1287,10.00,125.00," $1,60,875.00 "," $1,608.75 ",2014-12-01
entry-165,Enterprise,Germany, Paseo ,1706,10.00,125.00," $2,13,250.00 "," $2,132.50 ",2014-12-01
entry-166,Enterprise,Canada, Velo ,2009,120.00,125.00," $2,51,125.00 "," $2,511.25 ",2014-10-01
entry-167,Small Business,United States of America, VTT ,2844,250.00,300.00," $8,53,200.00 "," $1,16,604.00 ",2014-02-01
entry-168,Channel Partners,Mexico, VTT ,1916,250.00,12.00," $22,992.00 "," $16,554.24 ",2014-04-01
entry-169,Enterprise,Germany, VTT ,1570,250.00,125.00," $1,96,250.00 "," $1,962.50 ",2014-06-01
entry-170,Small Business,Canada, VTT ,1874,250.00,300.00," $5,62,200.00 "," $76,834.00 ",2014-08-01
entry-171,Government,Mexico, VTT ,1642,250.00,350.00," $5,74,700.00 "," $1,30,539.00 ",2014-08-01
entry-172,Midmarket,Germany, VTT ,1945,250.00,15.00," $29,175.00 "," $8,849.75 ",2013-10-01
entry-173,Government,Canada, Carretera ,831,3.00,20.00," $16,620.00 "," $7,811.40 ",2014-05-01
entry-174,Government,Mexico, Paseo ,1760,10.00,7.00," $12,320.00 "," $3,150.40 ",2013-09-01
entry-175,Government,Canada, Velo ,3850.5,120.00,20.00," $77,010.00 "," $36,194.70 ",2014-04-01
entry-176,Channel Partners,Germany, VTT ,2479,250.00,12.00," $29,748.00 "," $21,418.56 ",2014-01-01
entry-177,Midmarket,Mexico, Montana ,2031,5.00,15.00," $30,465.00 "," $8,936.40 ",2014-10-01
entry-178,Midmarket,Mexico, Paseo ,2031,10.00,15.00," $30,465.00 "," $8,936.40 ",2014-10-01
entry-179,Midmarket,France, Paseo ,2261,10.00,15.00," $33,915.00 "," $9,948.40 ",2013-12-01
entry-180,Government,United States of America, Velo ,736,120.00,20.00," $14,720.00 "," $6,771.20 ",2013-09-01
entry-181,Government,Canada, Carretera ,2851,3.00,7.00," $19,957.00 "," $4,903.72 ",2013-10-01
entry-182,Small Business,Germany, Carretera ,2021,3.00,300.00," $6,06,300.00 "," $76,798.00 ",2014-10-01
entry-183,Government,United States of America, Carretera ,274,3.00,350.00," $95,900.00 "," $20,824.00 ",2014-12-01
entry-184,Midmarket,Canada, Montana ,1967,5.00,15.00," $29,505.00 "," $8,654.80 ",2014-03-01
entry-185,Small Business,Germany, Montana ,1859,5.00,300.00," $5,57,700.00 "," $70,642.00 ",2014-08-01
entry-186,Government,Canada, Montana ,2851,5.00,7.00," $19,957.00 "," $4,903.72 ",2013-10-01
entry-187,Small Business,Germany, Montana ,2021,5.00,300.00," $6,06,300.00 "," $76,798.00 ",2014-10-01
entry-188,Enterprise,Mexico, Montana ,1138,5.00,125.00," $1,42,250.00 ", $-   ,2014-12-01
entry-189,Government,Canada, Paseo ,4251,10.00,7.00," $29,757.00 "," $7,311.72 ",2014-01-01
entry-190,Enterprise,Germany, Paseo ,795,10.00,125.00," $99,375.00 ", $-   ,2014-03-01
entry-191,Small Business,Germany, Paseo ,1414.5,10.00,300.00," $4,24,350.00 "," $53,751.00 ",2014-04-01
entry-192,Small Business,United States of America, Paseo ,2918,10.00,300.00," $8,75,400.00 "," $1,10,884.00 ",2014-05-01
entry-193,Government,United States of America, Paseo ,3450,10.00,350.00," $12,07,500.00 "," $2,62,200.00 ",2014-07-01
entry-194,Enterprise,France, Paseo ,2988,10.00,125.00," $3,73,500.00 ", $-   ,2014-07-01
entry-195,Midmarket,Canada, Paseo ,218,10.00,15.00," $3,270.00 ", $959.20 ,2014-09-01
entry-196,Government,Canada, Paseo ,2074,10.00,20.00," $41,480.00 "," $19,080.80 ",2014-09-01
entry-197,Government,United States of America, Paseo ,1056,10.00,20.00," $21,120.00 "," $9,715.20 ",2014-09-01
entry-198,Midmarket,United States of America, Paseo ,671,10.00,15.00," $10,065.00 "," $2,952.40 ",2013-10-01
entry-199,Midmarket,Mexico, Paseo ,1514,10.00,15.00," $22,710.00 "," $6,661.60 ",2013-10-01
entry-200,Government,United States of America, Paseo ,274,10.00,350.00," $95,900.00 "," $20,824.00 ",2014-12-01
entry-201,Enterprise,Mexico, Paseo ,1138,10.00,125.00," $1,42,250.00 ", $-   ,2014-12-01
entry-202,Channel Partners,United States of America, Velo ,1465,120.00,12.00," $17,580.00 "," $12,481.80 ",2014-03-01
entry-203,Government,Canada, Velo ,2646,120.00,20.00," $52,920.00 "," $24,343.20 ",2013-09-01
entry-204,Government,France, Velo ,2177,120.00,350.00," $7,61,950.00 "," $1,65,452.00 ",2014-10-01
entry-205,Channel Partners,France, VTT ,866,250.00,12.00," $10,392.00 "," $7,378.32 ",2014-05-01
entry-206,Government,United States of America, VTT ,349,250.00,350.00," $1,22,150.00 "," $26,524.00 ",2013-09-01
entry-207,Government,France, VTT ,2177,250.00,350.00," $7,61,950.00 "," $1,65,452.00 ",2014-10-01
entry-208,Midmarket,Mexico, VTT ,1514,250.00,15.00," $22,710.00 "," $6,661.60 ",2013-10-01
entry-209,Government,Mexico, Amarilla ,1865,260.00,350.00," $6,52,750.00 "," $1,41,740.00 ",2014-02-01
entry-210,Enterprise,Mexico, Amarilla ,1074,260.00,125.00," $1,34,250.00 ", $-   ,2014-04-01
entry-211,Government,Germany, Amarilla ,1907,260.00,350.00," $6,67,450.00 "," $1,44,932.00 ",2014-09-01
entry-212,Midmarket,United States of America, Amarilla ,671,260.00,15.00," $10,065.00 "," $2,952.40 ",2013-10-01
entry-213,Government,Canada, Amarilla ,1778,260.00,350.00," $6,22,300.00 "," $1,35,128.00 ",2013-12-01
entry-214,Government,Germany, Montana ,1159,5.00,7.00," $8,113.00 "," $1,912.35 ",2013-10-01
entry-215,Government,Germany, Paseo ,1372,10.00,7.00," $9,604.00 "," $2,263.80 ",2014-01-01
entry-216,Government,Canada, Paseo ,2349,10.00,7.00," $16,443.00 "," $3,875.85 ",2013-09-01
entry-217,Government,Mexico, Paseo ,2689,10.00,7.00," $18,823.00 "," $4,436.85 ",2014-10-01
entry-218,Channel Partners,Canada, Paseo ,2431,10.00,12.00," $29,172.00 "," $20,420.40 ",2014-12-01
entry-219,Channel Partners,Canada, Velo ,2431,120.00,12.00," $29,172.00 "," $20,420.40 ",2014-12-01
entry-220,Government,Mexico, VTT ,2689,250.00,7.00," $18,823.00 "," $4,436.85 ",2014-10-01
entry-221,Government,Mexico, Amarilla ,1683,260.00,7.00," $11,781.00 "," $2,776.95 ",2014-07-01
entry-222,Channel Partners,Mexico, Amarilla ,1123,260.00,12.00," $13,476.00 "," $9,433.20 ",2014-08-01
entry-223,Government,Germany, Amarilla ,1159,260.00,7.00," $8,113.00 "," $1,912.35 ",2013-10-01
entry-224,Channel Partners,France, Carretera ,1865,3.00,12.00," $22,380.00 "," $15,666.00 ",2014-02-01
entry-225,Channel Partners,Germany, Carretera ,1116,3.00,12.00," $13,392.00 "," $9,374.40 ",2014-02-01
entry-226,Government,France, Carretera ,1563,3.00,20.00," $31,260.00 "," $14,067.00 ",2014-05-01
entry-227,Small Business,United States of America, Carretera ,991,3.00,300.00," $2,97,300.00 "," $34,685.00 ",2014-06-01
entry-228,Government,Germany, Carretera ,1016,3.00,7.00," $7,112.00 "," $1,676.40 ",2013-11-01
entry-229,Midmarket,Mexico, Carretera ,2791,3.00,15.00," $41,865.00 "," $11,861.75 ",2014-11-01
entry-230,Government,United States of America, Carretera ,570,3.00,7.00," $3,990.00 ", $940.50 ,2014-12-01
entry-231,Government,France, Carretera ,2487,3.00,7.00," $17,409.00 "," $4,103.55 ",2014-12-01
entry-232,Government,France, Montana ,1384.5,5.00,350.00," $4,84,575.00 "," $1,00,376.25 ",2014-01-01
entry-233,Enterprise,United States of America, Montana ,3627,5.00,125.00," $4,53,375.00 "," $(4,533.75)",2014-07-01
entry-234,Government,Mexico, Montana ,720,5.00,350.00," $2,52,000.00 "," $52,200.00 ",2013-09-01
entry-235,Channel Partners,Germany, Montana ,2342,5.00,12.00," $28,104.00 "," $19,672.80 ",2014-11-01
entry-236,Small Business,Mexico, Montana ,1100,5.00,300.00," $3,30,000.00 "," $38,500.00 ",2013-12-01
entry-237,Government,France, Paseo ,1303,10.00,20.00," $26,060.00 "," $11,727.00 ",2014-02-01
entry-238,Enterprise,United States of America, Paseo ,2992,10.00,125.00," $3,74,000.00 "," $(3,740.00)",2014-03-01
entry-239,Enterprise,France, Paseo ,2385,10.00,125.00," $2,98,125.00 "," $(2,981.25)",2014-03-01
entry-240,Small Business,Mexico, Paseo ,1607,10.00,300.00," $4,82,100.00 "," $56,245.00 ",2014-04-01
entry-241,Government,United States of America, Paseo ,2327,10.00,7.00," $16,289.00 "," $3,839.55 ",2014-05-01
entry-242,Small Business,United States of America, Paseo ,991,10.00,300.00," $2,97,300.00 "," $34,685.00 ",2014-06-01
entry-243,Government,United States of America, Paseo ,602,10.00,350.00," $2,10,700.00 "," $43,645.00 ",2014-06-01
entry-244,Midmarket,France, Paseo ,2620,10.00,15.00," $39,300.00 "," $11,135.00 ",2014-09-01
entry-245,Government,Canada, Paseo ,1228,10.00,350.00," $4,29,800.00 "," $89,030.00 ",2013-10-01
entry-246,Government,Canada, Paseo ,1389,10.00,20.00," $27,780.00 "," $12,501.00 ",2013-10-01
entry-247,Enterprise,United States of America, Paseo ,861,10.00,125.00," $1,07,625.00 "," $(1,076.25)",2014-10-01
entry-248,Enterprise,France, Paseo ,704,10.00,125.00," $88,000.00 ", $(880.00),2013-10-01
entry-249,Government,Canada, Paseo ,1802,10.00,20.00," $36,040.00 "," $16,218.00 ",2013-12-01
entry-250,Government,United States of America, Paseo ,2663,10.00,20.00," $53,260.00 "," $23,967.00 ",2014-12-01
entry-251,Government,France, Paseo ,2136,10.00,7.00," $14,952.00 "," $3,524.40 ",2013-12-01
entry-252,Midmarket,Germany, Paseo ,2116,10.00,15.00," $31,740.00 "," $8,993.00 ",2013-12-01
entry-253,Midmarket,United States of America, Velo ,555,120.00,15.00," $8,325.00 "," $2,358.75 ",2014-01-01
entry-254,Midmarket,Mexico, Velo ,2861,120.00,15.00," $42,915.00 "," $12,159.25 ",2014-01-01
entry-255,Enterprise,Germany, Velo ,807,120.00,125.00," $1,00,875.00 "," $(1,008.75)",2014-02-01
entry-256,Government,United States of America, Velo ,602,120.00,350.00," $2,10,700.00 "," $43,645.00 ",2014-06-01
entry-257,Government,United States of America, Velo ,2832,120.00,20.00," $56,640.00 "," $25,488.00 ",2014-08-01
entry-258,Government,France, Velo ,1579,120.00,20.00," $31,580.00 "," $14,211.00 ",2014-08-01
entry-259,Enterprise,United States of America, Velo ,861,120.00,125.00," $1,07,625.00 "," $(1,076.25)",2014-10-01
entry-260,Enterprise,France, Velo ,704,120.00,125.00," $88,000.00 ", $(880.00),2013-10-01
entry-261,Government,France, Velo ,1033,120.00,20.00," $20,660.00 "," $9,297.00 ",2013-12-01
entry-262,Small Business,Germany, Velo ,1250,120.00,300.00," $3,75,000.00 "," $43,750.00 ",2014-12-01
entry-263,Government,Canada, VTT ,1389,250.00,20.00," $27,780.00 "," $12,501.00 ",2013-10-01
entry-264,Government,United States of America, VTT ,1265,250.00,20.00," $25,300.00 "," $11,385.00 ",2013-11-01
entry-265,Government,Germany, VTT ,2297,250.00,20.00," $45,940.00 "," $20,673.00 ",2013-11-01
entry-266,Government,United States of America, VTT ,2663,250.00,20.00," $53,260.00 "," $23,967.00 ",2014-12-01
entry-267,Government,United States of America, VTT ,570,250.00,7.00," $3,990.00 ", $940.50 ,2014-12-01
entry-268,Government,France, VTT ,2487,250.00,7.00," $17,409.00 "," $4,103.55 ",2014-12-01
entry-269,Government,Germany, Amarilla ,1350,260.00,350.00," $4,72,500.00 "," $97,875.00 ",2014-02-01
entry-270,Government,Canada, Amarilla ,552,260.00,350.00," $1,93,200.00 "," $40,020.00 ",2014-08-01
entry-271,Government,Canada, Amarilla ,1228,260.00,350.00," $4,29,800.00 "," $89,030.00 ",2013-10-01
entry-272,Small Business,Germany, Amarilla ,1250,260.00,300.00," $3,75,000.00 "," $43,750.00 ",2014-12-01
entry-273,Midmarket,France, Paseo ,3801,10.00,15.00," $57,015.00 "," $15,584.10 ",2014-04-01
entry-274,Government,United States of America, Carretera ,1117.5,3.00,20.00," $22,350.00 "," $9,834.00 ",2014-01-01
entry-275,Midmarket,Canada, Carretera ,2844,3.00,15.00," $42,660.00 "," $11,660.40 ",2014-06-01
entry-276,Channel Partners,Mexico, Carretera ,562,3.00,12.00," $6,744.00 "," $4,653.36 ",2014-09-01
entry-277,Channel Partners,Canada, Carretera ,2299,3.00,12.00," $27,588.00 "," $19,035.72 ",2013-10-01
entry-278,Midmarket,United States of America, Carretera ,2030,3.00,15.00," $30,450.00 "," $8,323.00 ",2014-11-01
entry-279,Government,United States of America, Carretera ,263,3.00,7.00," $1,841.00 ", $415.54 ,2013-11-01
entry-280,Enterprise,Germany, Carretera ,887,3.00,125.00," $1,10,875.00 "," $(2,217.50)",2013-12-01
entry-281,Government,Mexico, Montana ,980,5.00,350.00," $3,43,000.00 "," $67,620.00 ",2014-04-01
entry-282,Government,Germany, Montana ,1460,5.00,350.00," $5,11,000.00 "," $1,00,740.00 ",2014-05-01
entry-283,Government,France, Montana ,1403,5.00,7.00," $9,821.00 "," $2,216.74 ",2013-10-01
entry-284,Channel Partners,United States of America, Montana ,2723,5.00,12.00," $32,676.00 "," $22,546.44 ",2014-11-01
entry-285,Government,France, Paseo ,1496,10.00,350.00," $5,23,600.00 "," $1,03,224.00 ",2014-06-01
entry-286,Channel Partners,Canada, Paseo ,2299,10.00,12.00," $27,588.00 "," $19,035.72 ",2013-10-01
entry-287,Government,United States of America, Paseo ,727,10.00,350.00," $2,54,450.00 "," $50,163.00 ",2013-10-01
entry-288,Enterprise,Canada, Velo ,952,120.00,125.00," $1,19,000.00 "," $(2,380.00)",2014-02-01
entry-289,Enterprise,United States of America, Velo ,2755,120.00,125.00," $3,44,375.00 "," $(6,887.50)",2014-02-01
entry-290,Midmarket,Germany, Velo ,1530,120.00,15.00," $22,950.00 "," $6,273.00 ",2014-05-01
entry-291,Government,France, Velo ,1496,120.00,350.00," $5,23,600.00 "," $1,03,224.00 ",2014-06-01
entry-292,Government,Mexico, Velo ,1498,120.00,7.00," $10,486.00 "," $2,366.84 ",2014-06-01
entry-293,Small Business,France, Velo ,1221,120.00,300.00," $3,66,300.00 "," $39,072.00 ",2013-10-01
entry-294,Government,France, Velo ,2076,120.00,350.00," $7,26,600.00 "," $1,43,244.00 ",2013-10-01
entry-295,Midmarket,Canada, VTT ,2844,250.00,15.00," $42,660.00 "," $11,660.40 ",2014-06-01
entry-296,Government,Mexico, VTT ,1498,250.00,7.00," $10,486.00 "," $2,366.84 ",2014-06-01
entry-297,Small Business,France, VTT ,1221,250.00,300.00," $3,66,300.00 "," $39,072.00 ",2013-10-01
entry-298,Government,Mexico, VTT ,1123,250.00,20.00," $22,460.00 "," $9,882.40 ",2013-11-01
entry-299,Small Business,Canada, VTT ,2436,250.00,300.00," $7,30,800.00 "," $77,952.00 ",2013-12-01
entry-300,Enterprise,France, Amarilla ,1987.5,260.00,125.00," $2,48,437.50 "," $(4,968.75)",2014-01-01
entry-301,Government,Mexico, Amarilla ,1679,260.00,350.00," $5,87,650.00 "," $1,15,851.00 ",2014-09-01
entry-302,Government,United States of America, Amarilla ,727,260.00,350.00," $2,54,450.00 "," $50,163.00 ",2013-10-01
entry-303,Government,France, Amarilla ,1403,260.00,7.00," $9,821.00 "," $2,216.74 ",2013-10-01
entry-304,Government,France, Amarilla ,2076,260.00,350.00," $7,26,600.00 "," $1,43,244.00 ",2013-10-01
entry-305,Government,France, Montana ,1757,5.00,20.00," $35,140.00 "," $15,461.60 ",2013-10-01
entry-306,Midmarket,United States of America, Paseo ,2198,10.00,15.00," $32,970.00 "," $9,011.80 ",2014-08-01
entry-307,Midmarket,Germany, Paseo ,1743,10.00,15.00," $26,145.00 "," $7,146.30 ",2014-08-01
entry-308,Midmarket,United States of America, Paseo ,1153,10.00,15.00," $17,295.00 "," $4,727.30 ",2014-10-01
entry-309,Government,France, Paseo ,1757,10.00,20.00," $35,140.00 "," $15,461.60 ",2013-10-01
entry-310,Government,Germany, Velo ,1001,120.00,20.00," $20,020.00 "," $8,808.80 ",2014-08-01
entry-311,Government,Mexico, Velo ,1333,120.00,7.00," $9,331.00 "," $2,106.14 ",2014-11-01
entry-312,Midmarket,United States of America, VTT ,1153,250.00,15.00," $17,295.00 "," $4,727.30 ",2014-10-01
entry-313,Channel Partners,Mexico, Carretera ,727,3.00,12.00," $8,724.00 "," $5,932.32 ",2014-02-01
entry-314,Channel Partners,Canada, Carretera ,1884,3.00,12.00," $22,608.00 "," $15,373.44 ",2014-08-01
entry-315,Government,Mexico, Carretera ,1834,3.00,20.00," $36,680.00 "," $15,772.40 ",2013-09-01
entry-316,Channel Partners,Mexico, Montana ,2340,5.00,12.00," $28,080.00 "," $19,094.40 ",2014-01-01
entry-317,Channel Partners,France, Montana ,2342,5.00,12.00," $28,104.00 "," $19,110.72 ",2014-11-01
entry-318,Government,France, Paseo ,1031,10.00,7.00," $7,217.00 "," $1,556.81 ",2013-09-01
entry-319,Midmarket,Canada, Velo ,1262,120.00,15.00," $18,930.00 "," $4,984.90 ",2014-05-01
entry-320,Government,Canada, Velo ,1135,120.00,7.00," $7,945.00 "," $1,713.85 ",2014-06-01
entry-321,Government,United States of America, Velo ,547,120.00,7.00," $3,829.00 ", $825.97 ,2014-11-01
entry-322,Government,Canada, Velo ,1582,120.00,7.00," $11,074.00 "," $2,388.82 ",2014-12-01
entry-323,Channel Partners,France, VTT ,1738.5,250.00,12.00," $20,862.00 "," $14,186.16 ",2014-04-01
entry-324,Channel Partners,Germany, VTT ,2215,250.00,12.00," $26,580.00 "," $18,074.40 ",2013-09-01
entry-325,Government,Canada, VTT ,1582,250.00,7.00," $11,074.00 "," $2,388.82 ",2014-12-01
entry-326,Government,Canada, Amarilla ,1135,260.00,7.00," $7,945.00 "," $1,713.85 ",2014-06-01
entry-327,Government,United States of America, Carretera ,1761,3.00,350.00," $6,16,350.00 "," $1,15,345.50 ",2014-03-01
entry-328,Small Business,France, Carretera ,448,3.00,300.00," $1,34,400.00 "," $12,992.00 ",2014-06-01
entry-329,Small Business,France, Carretera ,2181,3.00,300.00," $6,54,300.00 "," $63,249.00 ",2014-10-01
entry-330,Government,France, Montana ,1976,5.00,20.00," $39,520.00 "," $16,993.60 ",2014-10-01
entry-331,Small Business,France, Montana ,2181,5.00,300.00," $6,54,300.00 "," $63,249.00 ",2014-10-01
entry-332,Enterprise,Germany, Montana ,2500,5.00,125.00," $3,12,500.00 "," $(9,375.00)",2013-11-01
entry-333,Small Business,Canada, Paseo ,1702,10.00,300.00," $5,10,600.00 "," $49,358.00 ",2014-05-01
entry-334,Small Business,France, Paseo ,448,10.00,300.00," $1,34,400.00 "," $12,992.00 ",2014-06-01
entry-335,Enterprise,Germany, Paseo ,3513,10.00,125.00," $4,39,125.00 "," $(13,173.75)",2014-07-01
entry-336,Midmarket,France, Paseo ,2101,10.00,15.00," $31,515.00 "," $8,298.95 ",2014-08-01
entry-337,Midmarket,United States of America, Paseo ,2931,10.00,15.00," $43,965.00 "," $11,577.45 ",2013-09-01
entry-338,Government,France, Paseo ,1535,10.00,20.00," $30,700.00 "," $13,201.00 ",2014-09-01
entry-339,Small Business,Germany, Paseo ,1123,10.00,300.00," $3,36,900.00 "," $32,567.00 ",2013-09-01
entry-340,Small Business,Canada, Paseo ,1404,10.00,300.00," $4,21,200.00 "," $40,716.00 ",2013-11-01
entry-341,Channel Partners,Mexico, Paseo ,2763,10.00,12.00," $33,156.00 "," $22,546.08 ",2013-11-01
entry-342,Government,Germany, Paseo ,2125,10.00,7.00," $14,875.00 "," $3,208.75 ",2013-12-01
entry-343,Small Business,France, Velo ,1659,120.00,300.00," $4,97,700.00 "," $48,111.00 ",2014-07-01
entry-344,Government,Mexico, Velo ,609,120.00,20.00," $12,180.00 "," $5,237.40 ",2014-08-01
entry-345,Enterprise,Germany, Velo ,2087,120.00,125.00," $2,60,875.00 "," $(7,826.25)",2014-09-01
entry-346,Government,France, Velo ,1976,120.00,20.00," $39,520.00 "," $16,993.60 ",2014-10-01
entry-347,Government,United States of America, Velo ,1421,120.00,20.00," $28,420.00 "," $12,220.60 ",2013-12-01
entry-348,Small Business,United States of America, Velo ,1372,120.00,300.00," $4,11,600.00 "," $39,788.00 ",2014-12-01
entry-349,Government,Germany, Velo ,588,120.00,20.00," $11,760.00 "," $5,056.80 ",2013-12-01
entry-350,Channel Partners,Canada, VTT ,3244.5,250.00,12.00," $38,934.00 "," $26,475.12 ",2014-01-01
entry-351,Small Business,France, VTT ,959,250.00,300.00," $2,87,700.00 "," $27,811.00 ",2014-02-01
entry-352,Small Business,Mexico, VTT ,2747,250.00,300.00," $8,24,100.00 "," $79,663.00 ",2014-02-01
entry-353,Enterprise,Canada, Amarilla ,1645,260.00,125.00," $2,05,625.00 "," $(6,168.75)",2014-05-01
entry-354,Government,France, Amarilla ,2876,260.00,350.00," $10,06,600.00 "," $1,88,378.00 ",2014-09-01
entry-355,Enterprise,Germany, Amarilla ,994,260.00,125.00," $1,24,250.00 "," $(3,727.50)",2013-09-01
entry-356,Government,Canada, Amarilla ,1118,260.00,20.00," $22,360.00 "," $9,614.80 ",2014-11-01
entry-357,Small Business,United States of America, Amarilla ,1372,260.00,300.00," $4,11,600.00 "," $39,788.00 ",2014-12-01
entry-358,Government,Canada, Montana ,488,5.00,7.00," $3,416.00 ", $702.72 ,2014-02-01
entry-359,Government,United States of America, Montana ,1282,5.00,20.00," $25,640.00 "," $10,768.80 ",2014-06-01
entry-360,Government,Canada, Paseo ,257,10.00,7.00," $1,799.00 ", $370.08 ,2014-05-01
entry-361,Government,United States of America, Amarilla ,1282,260.00,20.00," $25,640.00 "," $10,768.80 ",2014-06-01
entry-362,Enterprise,Mexico, Carretera ,1540,3.00,125.00," $1,92,500.00 "," $(7,700.00)",2014-08-01
entry-363,Midmarket,France, Carretera ,490,3.00,15.00," $7,350.00 "," $1,862.00 ",2014-11-01
entry-364,Government,Mexico, Carretera ,1362,3.00,350.00," $4,76,700.00 "," $84,444.00 ",2014-12-01
entry-365,Midmarket,France, Montana ,2501,5.00,15.00," $37,515.00 "," $9,503.80 ",2014-03-01
entry-366,Government,Canada, Montana ,708,5.00,20.00," $14,160.00 "," $5,947.20 ",2014-06-01
entry-367,Government,Germany, Montana ,645,5.00,20.00," $12,900.00 "," $5,418.00 ",2014-07-01
entry-368,Small Business,France, Montana ,1562,5.00,300.00," $4,68,600.00 "," $40,612.00 ",2014-08-01
entry-369,Small Business,Canada, Montana ,1283,5.00,300.00," $3,84,900.00 "," $33,358.00 ",2013-09-01
entry-370,Midmarket,Germany, Montana ,711,5.00,15.00," $10,665.00 "," $2,701.80 ",2014-12-01
entry-371,Enterprise,Mexico, Paseo ,1114,10.00,125.00," $1,39,250.00 "," $(5,570.00)",2014-03-01
entry-372,Government,Germany, Paseo ,1259,10.00,7.00," $8,813.00 "," $1,812.96 ",2014-04-01
entry-373,Government,Germany, Paseo ,1095,10.00,7.00," $7,665.00 "," $1,576.80 ",2014-05-01
entry-374,Government,Germany, Paseo ,1366,10.00,20.00," $27,320.00 "," $11,474.40 ",2014-06-01
entry-375,Small Business,Mexico, Paseo ,2460,10.00,300.00," $7,38,000.00 "," $63,960.00 ",2014-06-01
entry-376,Government,United States of America, Paseo ,678,10.00,7.00," $4,746.00 ", $976.32 ,2014-08-01
entry-377,Government,Germany, Paseo ,1598,10.00,7.00," $11,186.00 "," $2,301.12 ",2014-08-01
entry-378,Government,Germany, Paseo ,2409,10.00,7.00," $16,863.00 "," $3,468.96 ",2013-09-01
entry-379,Government,Germany, Paseo ,1934,10.00,20.00," $38,680.00 "," $16,245.60 ",2014-09-01
entry-380,Government,Mexico, Paseo ,2993,10.00,20.00," $59,860.00 "," $25,141.20 ",2014-09-01
entry-381,Government,Germany, Paseo ,2146,10.00,350.00," $7,51,100.00 "," $1,33,052.00 ",2013-11-01
entry-382,Government,Mexico, Paseo ,1946,10.00,7.00," $13,622.00 "," $2,802.24 ",2013-12-01
entry-383,Government,Mexico, Paseo ,1362,10.00,350.00," $4,76,700.00 "," $84,444.00 ",2014-12-01
entry-384,Channel Partners,Canada, Velo ,598,120.00,12.00," $7,176.00 "," $4,807.92 ",2014-03-01
entry-385,Government,United States of America, Velo ,2907,120.00,7.00," $20,349.00 "," $4,186.08 ",2014-06-01
entry-386,Government,Germany, Velo ,2338,120.00,7.00," $16,366.00 "," $3,366.72 ",2014-06-01
entry-387,Small Business,France, Velo ,386,120.00,300.00," $1,15,800.00 "," $10,036.00 ",2013-11-01
entry-388,Small Business,Mexico, Velo ,635,120.00,300.00," $1,90,500.00 "," $16,510.00 ",2014-12-01
entry-389,Government,France, VTT ,574.5,250.00,350.00," $2,01,075.00 "," $35,619.00 ",2014-04-01
entry-390,Government,Germany, VTT ,2338,250.00,7.00," $16,366.00 "," $3,366.72 ",2014-06-01
entry-391,Government,France, VTT ,381,250.00,350.00," $1,33,350.00 "," $23,622.00 ",2014-08-01
entry-392,Government,Germany, VTT ,422,250.00,350.00," $1,47,700.00 "," $26,164.00 ",2014-08-01
entry-393,Small Business,Canada, VTT ,2134,250.00,300.00," $6,40,200.00 "," $55,484.00 ",2014-09-01
entry-394,Small Business,United States of America, VTT ,808,250.00,300.00," $2,42,400.00 "," $21,008.00 ",2013-12-01
entry-395,Government,Canada, Amarilla ,708,260.00,20.00," $14,160.00 "," $5,947.20 ",2014-06-01
entry-396,Government,United States of America, Amarilla ,2907,260.00,7.00," $20,349.00 "," $4,186.08 ",2014-06-01
entry-397,Government,Germany, Amarilla ,1366,260.00,20.00," $27,320.00 "," $11,474.40 ",2014-06-01
entry-398,Small Business,Mexico, Amarilla ,2460,260.00,300.00," $7,38,000.00 "," $63,960.00 ",2014-06-01
entry-399,Government,Germany, Amarilla ,1520,260.00,20.00," $30,400.00 "," $12,768.00 ",2014-11-01
entry-400,Midmarket,Germany, Amarilla ,711,260.00,15.00," $10,665.00 "," $2,701.80 ",2014-12-01
entry-401,Channel Partners,Mexico, Amarilla ,1375,260.00,12.00," $16,500.00 "," $11,055.00 ",2013-12-01
entry-402,Small Business,Mexico, Amarilla ,635,260.00,300.00," $1,90,500.00 "," $16,510.00 ",2014-12-01
entry-403,Government,United States of America, VTT ,436.5,250.00,20.00," $8,730.00 "," $3,666.60 ",2014-07-01
entry-404,Small Business,Canada, Carretera ,1094,3.00,300.00," $3,28,200.00 "," $25,162.00 ",2014-06-01
entry-405,Channel Partners,Mexico, Carretera ,367,3.00,12.00," $4,404.00 "," $2,906.64 ",2013-10-01
entry-406,Small Business,Canada, Montana ,3802.5,5.00,300.00," $11,40,750.00 "," $87,457.50 ",2014-04-01
entry-407,Government,France, Montana ,1666,5.00,350.00," $5,83,100.00 "," $97,461.00 ",2014-05-01
entry-408,Small Business,France, Montana ,322,5.00,300.00," $96,600.00 "," $7,406.00 ",2013-09-01
entry-409,Channel Partners,Canada, Montana ,2321,5.00,12.00," $27,852.00 "," $18,382.32 ",2014-11-01
entry-410,Enterprise,France, Montana ,1857,5.00,125.00," $2,32,125.00 "," $(11,606.25)",2013-11-01
entry-411,Government,Canada, Montana ,1611,5.00,7.00," $11,277.00 "," $2,207.07 ",2013-12-01
entry-412,Enterprise,United States of America, Montana ,2797,5.00,125.00," $3,49,625.00 "," $(17,481.25)",2014-12-01
entry-413,Small Business,Germany, Montana ,334,5.00,300.00," $1,00,200.00 "," $7,682.00 ",2013-12-01
entry-414,Small Business,Mexico, Paseo ,2565,10.00,300.00," $7,69,500.00 "," $58,995.00 ",2014-01-01
entry-415,Government,Mexico, Paseo ,2417,10.00,350.00," $8,45,950.00 "," $1,41,394.50 ",2014-01-01
entry-416,Midmarket,United States of America, Paseo ,3675,10.00,15.00," $55,125.00 "," $13,413.75 ",2014-04-01
entry-417,Small Business,Canada, Paseo ,1094,10.00,300.00," $3,28,200.00 "," $25,162.00 ",2014-06-01
entry-418,Midmarket,France, Paseo ,1227,10.00,15.00," $18,405.00 "," $4,478.55 ",2014-10-01
entry-419,Channel Partners,Mexico, Paseo ,367,10.00,12.00," $4,404.00 "," $2,906.64 ",2013-10-01
entry-420,Small Business,France, Paseo ,1324,10.00,300.00," $3,97,200.00 "," $30,452.00 ",2014-11-01
entry-421,Channel Partners,Germany, Paseo ,1775,10.00,12.00," $21,300.00 "," $14,058.00 ",2013-11-01
entry-422,Enterprise,United States of America, Paseo ,2797,10.00,125.00," $3,49,625.00 "," $(17,481.25)",2014-12-01
entry-423,Midmarket,Mexico, Velo ,245,120.00,15.00," $3,675.00 ", $894.25 ,2014-05-01
entry-424,Small Business,Canada, Velo ,3793.5,120.00,300.00," $11,38,050.00 "," $87,250.50 ",2014-07-01
entry-425,Government,Germany, Velo ,1307,120.00,350.00," $4,57,450.00 "," $76,459.50 ",2014-07-01
entry-426,Enterprise,Canada, Velo ,567,120.00,125.00," $70,875.00 "," $(3,543.75)",2014-09-01
entry-427,Enterprise,Mexico, Velo ,2110,120.00,125.00," $2,63,750.00 "," $(13,187.50)",2014-09-01
entry-428,Government,Canada, Velo ,1269,120.00,350.00," $4,44,150.00 "," $74,236.50 ",2014-10-01
entry-429,Channel Partners,United States of America, VTT ,1956,250.00,12.00," $23,472.00 "," $15,491.52 ",2014-01-01
entry-430,Small Business,Germany, VTT ,2659,250.00,300.00," $7,97,700.00 "," $61,157.00 ",2014-02-01
entry-431,Government,United States of America, VTT ,1351.5,250.00,350.00," $4,73,025.00 "," $79,062.75 ",2014-04-01
entry-432,Channel Partners,Germany, VTT ,880,250.00,12.00," $10,560.00 "," $6,969.60 ",2014-05-01
entry-433,Small Business,United States of America, VTT ,1867,250.00,300.00," $5,60,100.00 "," $42,941.00 ",2014-09-01
entry-434,Channel Partners,France, VTT ,2234,250.00,12.00," $26,808.00 "," $17,693.28 ",2013-09-01
entry-435,Midmarket,France, VTT ,1227,250.00,15.00," $18,405.00 "," $4,478.55 ",2014-10-01
entry-436,Enterprise,Mexico, VTT ,877,250.00,125.00," $1,09,625.00 "," $(5,481.25)",2014-11-01
entry-437,Government,United States of America, Amarilla ,2071,260.00,350.00," $7,24,850.00 "," $1,21,153.50 ",2014-09-01
entry-438,Government,Canada, Amarilla ,1269,260.00,350.00," $4,44,150.00 "," $74,236.50 ",2014-10-01
entry-439,Midmarket,Germany, Amarilla ,970,260.00,15.00," $14,550.00 "," $3,540.50 ",2013-11-01
entry-440,Government,Mexico, Amarilla ,1694,260.00,20.00," $33,880.00 "," $13,890.80 ",2014-11-01
entry-441,Government,Germany, Carretera ,663,3.00,20.00," $13,260.00 "," $5,436.60 ",2014-05-01
entry-442,Government,Canada, Carretera ,819,3.00,7.00," $5,733.00 "," $1,122.03 ",2014-07-01
entry-443,Channel Partners,Germany, Carretera ,1580,3.00,12.00," $18,960.00 "," $12,513.60 ",2014-09-01
entry-444,Government,Mexico, Carretera ,521,3.00,7.00," $3,647.00 ", $713.77 ,2014-12-01
entry-445,Government,United States of America, Paseo ,973,10.00,20.00," $19,460.00 "," $7,978.60 ",2014-03-01
entry-446,Government,Mexico, Paseo ,1038,10.00,20.00," $20,760.00 "," $8,511.60 ",2014-06-01
entry-447,Government,Germany, Paseo ,360,10.00,7.00," $2,520.00 ", $493.20 ,2014-10-01
entry-448,Channel Partners,France, Velo ,1967,120.00,12.00," $23,604.00 "," $15,578.64 ",2014-03-01
entry-449,Midmarket,Mexico, Velo ,2628,120.00,15.00," $39,420.00 "," $9,592.20 ",2014-04-01
entry-450,Government,Germany, VTT ,360,250.00,7.00," $2,520.00 ", $493.20 ,2014-10-01
entry-451,Government,France, VTT ,2682,250.00,20.00," $53,640.00 "," $21,992.40 ",2013-11-01
entry-452,Government,Mexico, VTT ,521,250.00,7.00," $3,647.00 ", $713.77 ,2014-12-01
entry-453,Government,Mexico, Amarilla ,1038,260.00,20.00," $20,760.00 "," $8,511.60 ",2014-06-01
entry-454,Midmarket,Canada, Amarilla ,1630.5,260.00,15.00," $24,457.50 "," $5,951.33 ",2014-07-01
entry-455,Channel Partners,France, Amarilla ,306,260.00,12.00," $3,672.00 "," $2,423.52 ",2013-12-01
entry-456,Channel Partners,United States of America, Carretera ,386,3.00,12.00," $4,632.00 "," $3,010.80 ",2013-10-01
entry-457,Government,United States of America, Montana ,2328,5.00,7.00," $16,296.00 "," $3,026.40 ",2014-09-01
entry-458,Channel Partners,United States of America, Paseo ,386,10.00,12.00," $4,632.00 "," $3,010.80 ",2013-10-01
entry-459,Enterprise,United States of America, Carretera ,3445.5,3.00,125.00," $4,30,687.50 "," $(25,841.25)",2014-04-01
entry-460,Enterprise,France, Carretera ,1482,3.00,125.00," $1,85,250.00 "," $(11,115.00)",2013-12-01
entry-461,Government,United States of America, Montana ,2313,5.00,350.00," $8,09,550.00 "," $1,27,215.00 ",2014-05-01
entry-462,Enterprise,United States of America, Montana ,1804,5.00,125.00," $2,25,500.00 "," $(13,530.00)",2013-11-01
entry-463,Midmarket,France, Montana ,2072,5.00,15.00," $31,080.00 "," $7,252.00 ",2014-12-01
entry-464,Government,France, Paseo ,1954,10.00,20.00," $39,080.00 "," $15,632.00 ",2014-03-01
entry-465,Small Business,Mexico, Paseo ,591,10.00,300.00," $1,77,300.00 "," $11,820.00 ",2014-05-01
entry-466,Midmarket,France, Paseo ,2167,10.00,15.00," $32,505.00 "," $7,584.50 ",2013-10-01
entry-467,Government,Germany, Paseo ,241,10.00,20.00," $4,820.00 "," $1,928.00 ",2014-10-01
entry-468,Midmarket,Germany, Velo ,681,120.00,15.00," $10,215.00 "," $2,383.50 ",2014-01-01
entry-469,Midmarket,Germany, Velo ,510,120.00,15.00," $7,650.00 "," $1,785.00 ",2014-04-01
entry-470,Midmarket,United States of America, Velo ,790,120.00,15.00," $11,850.00 "," $2,765.00 ",2014-05-01
entry-471,Government,France, Velo ,639,120.00,350.00," $2,23,650.00 "," $35,145.00 ",2014-07-01
entry-472,Enterprise,United States of America, Velo ,1596,120.00,125.00," $1,99,500.00 "," $(11,970.00)",2014-09-01
entry-473,Small Business,United States of America, Velo ,2294,120.00,300.00," $6,88,200.00 "," $45,880.00 ",2013-10-01
entry-474,Government,Germany, Velo ,241,120.00,20.00," $4,820.00 "," $1,928.00 ",2014-10-01
entry-475,Government,Germany, Velo ,2665,120.00,7.00," $18,655.00 "," $3,464.50 ",2014-11-01
entry-476,Enterprise,Canada, Velo ,1916,120.00,125.00," $2,39,500.00 "," $(14,370.00)",2013-12-01
entry-477,Small Business,France, Velo ,853,120.00,300.00," $2,55,900.00 "," $17,060.00 ",2014-12-01
entry-478,Enterprise,Mexico, VTT ,341,250.00,125.00," $42,625.00 "," $(2,557.50)",2014-05-01
entry-479,Midmarket,Mexico, VTT ,641,250.00,15.00," $9,615.00 "," $2,243.50 ",2014-07-01
entry-480,Government,United States of America, VTT ,2807,250.00,350.00," $9,82,450.00 "," $1,54,385.00 ",2014-08-01
entry-481,Small Business,Mexico, VTT ,432,250.00,300.00," $1,29,600.00 "," $8,640.00 ",2014-09-01
entry-482,Small Business,United States of America, VTT ,2294,250.00,300.00," $6,88,200.00 "," $45,880.00 ",2013-10-01
entry-483,Midmarket,France, VTT ,2167,250.00,15.00," $32,505.00 "," $7,584.50 ",2013-10-01
entry-484,Enterprise,Canada, VTT ,2529,250.00,125.00," $3,16,125.00 "," $(18,967.50)",2014-11-01
entry-485,Government,Germany, VTT ,1870,250.00,350.00," $6,54,500.00 "," $1,02,850.00 ",2013-12-01
entry-486,Enterprise,United States of America, Amarilla ,579,260.00,125.00," $72,375.00 "," $(4,342.50)",2014-01-01
entry-487,Government,Canada, Amarilla ,2240,260.00,350.00," $7,84,000.00 "," $1,23,200.00 ",2014-02-01
entry-488,Small Business,United States of America, Amarilla ,2993,260.00,300.00," $8,97,900.00 "," $59,860.00 ",2014-03-01
entry-489,Channel Partners,Canada, Amarilla ,3520.5,260.00,12.00," $42,246.00 "," $27,459.90 ",2014-04-01
entry-490,Government,Mexico, Amarilla ,2039,260.00,20.00," $40,780.00 "," $16,312.00 ",2014-05-01
entry-491,Channel Partners,Germany, Amarilla ,2574,260.00,12.00," $30,888.00 "," $20,077.20 ",2014-08-01
entry-492,Government,Canada, Amarilla ,707,260.00,350.00," $2,47,450.00 "," $38,885.00 ",2014-09-01
entry-493,Midmarket,France, Amarilla ,2072,260.00,15.00," $31,080.00 "," $7,252.00 ",2014-12-01
entry-494,Small Business,France, Amarilla ,853,260.00,300.00," $2,55,900.00 "," $17,060.00 ",2014-12-01
entry-495,Channel Partners,France, Carretera ,1198,3.00,12.00," $14,376.00 "," $9,200.64 ",2013-10-01
entry-496,Government,France, Paseo ,2532,10.00,7.00," $17,724.00 "," $3,114.36 ",2014-04-01
entry-497,Channel Partners,France, Paseo ,1198,10.00,12.00," $14,376.00 "," $9,200.64 ",2013-10-01
entry-498,Midmarket,Canada, Velo ,384,120.00,15.00," $5,760.00 "," $1,286.40 ",2014-01-01
entry-499,Channel Partners,Germany, Velo ,472,120.00,12.00," $5,664.00 "," $3,624.96 ",2014-10-01
entry-500,Government,United States of America, VTT ,1579,250.00,7.00," $11,053.00 "," $1,942.17 ",2014-03-01
entry-501,Channel Partners,Mexico, VTT ,1005,250.00,12.00," $12,060.00 "," $7,718.40 ",2013-09-01
entry-502,Midmarket,United States of America, Amarilla ,3199.5,260.00,15.00," $47,992.50 "," $10,718.33 ",2014-07-01
entry-503,Channel Partners,Germany, Amarilla ,472,260.00,12.00," $5,664.00 "," $3,624.96 ",2014-10-01
entry-504,Channel Partners,Canada, Carretera ,1937,3.00,12.00," $23,244.00 "," $14,876.16 ",2014-02-01
entry-505,Government,Germany, Carretera ,792,3.00,350.00," $2,77,200.00 "," $40,788.00 ",2014-03-01
entry-506,Small Business,Germany, Carretera ,2811,3.00,300.00," $8,43,300.00 "," $47,787.00 ",2014-07-01
entry-507,Enterprise,France, Carretera ,2441,3.00,125.00," $3,05,125.00 "," $(21,358.75)",2014-10-01
entry-508,Midmarket,Canada, Carretera ,1560,3.00,15.00," $23,400.00 "," $5,226.00 ",2013-11-01
entry-509,Government,Mexico, Carretera ,2706,3.00,7.00," $18,942.00 "," $3,328.38 ",2013-11-01
entry-510,Government,Germany, Montana ,766,5.00,350.00," $2,68,100.00 "," $39,449.00 ",2014-01-01
entry-511,Government,Germany, Montana ,2992,5.00,20.00," $59,840.00 "," $23,337.60 ",2013-10-01
entry-512,Midmarket,Mexico, Montana ,2157,5.00,15.00," $32,355.00 "," $7,225.95 ",2014-12-01
entry-513,Small Business,Canada, Paseo ,873,10.00,300.00," $2,61,900.00 "," $14,841.00 ",2014-01-01
entry-514,Government,Mexico, Paseo ,1122,10.00,20.00," $22,440.00 "," $8,751.60 ",2014-03-01
entry-515,Government,Canada, Paseo ,2104.5,10.00,350.00," $7,36,575.00 "," $1,08,381.75 ",2014-07-01
entry-516,Channel Partners,Canada, Paseo ,4026,10.00,12.00," $48,312.00 "," $30,919.68 ",2014-07-01
entry-517,Channel Partners,France, Paseo ,2425.5,10.00,12.00," $29,106.00 "," $18,627.84 ",2014-07-01
entry-518,Government,Canada, Paseo ,2394,10.00,20.00," $47,880.00 "," $18,673.20 ",2014-08-01
entry-519,Midmarket,Mexico, Paseo ,1984,10.00,15.00," $29,760.00 "," $6,646.40 ",2014-08-01
entry-520,Enterprise,France, Paseo ,2441,10.00,125.00," $3,05,125.00 "," $(21,358.75)",2014-10-01
entry-521,Government,Germany, Paseo ,2992,10.00,20.00," $59,840.00 "," $23,337.60 ",2013-10-01
entry-522,Small Business,Canada, Paseo ,1366,10.00,300.00," $4,09,800.00 "," $23,222.00 ",2014-11-01
entry-523,Government,France, Velo ,2805,120.00,20.00," $56,100.00 "," $21,879.00 ",2013-09-01
entry-524,Midmarket,Mexico, Velo ,655,120.00,15.00," $9,825.00 "," $2,194.25 ",2013-09-01
entry-525,Government,Mexico, Velo ,344,120.00,350.00," $1,20,400.00 "," $17,716.00 ",2013-10-01
entry-526,Government,Canada, Velo ,1808,120.00,7.00," $12,656.00 "," $2,223.84 ",2014-11-01
entry-527,Channel Partners,France, VTT ,1734,250.00,12.00," $20,808.00 "," $13,317.12 ",2014-01-01
entry-528,Enterprise,Mexico, VTT ,554,250.00,125.00," $69,250.00 "," $(4,847.50)",2014-01-01
entry-529,Government,Canada, VTT ,2935,250.00,20.00," $58,700.00 "," $22,893.00 ",2013-11-01
entry-530,Enterprise,Germany, Amarilla ,3165,260.00,125.00," $3,95,625.00 "," $(27,693.75)",2014-01-01
entry-531,Government,Mexico, Amarilla ,2629,260.00,20.00," $52,580.00 "," $20,506.20 ",2014-01-01
entry-532,Enterprise,France, Amarilla ,1433,260.00,125.00," $1,79,125.00 "," $(12,538.75)",2014-05-01
entry-533,Enterprise,Mexico, Amarilla ,947,260.00,125.00," $1,18,375.00 "," $(8,286.25)",2013-09-01
entry-534,Government,Mexico, Amarilla ,344,260.00,350.00," $1,20,400.00 "," $17,716.00 ",2013-10-01
entry-535,Midmarket,Mexico, Amarilla ,2157,260.00,15.00," $32,355.00 "," $7,225.95 ",2014-12-01
entry-536,Government,United States of America, Paseo ,380,10.00,7.00," $2,660.00 ", $467.40 ,2013-09-01
entry-537,Government,Mexico, Carretera ,886,3.00,350.00," $3,10,100.00 "," $42,528.00 ",2014-06-01
entry-538,Enterprise,Canada, Carretera ,2416,3.00,125.00," $3,02,000.00 "," $(24,160.00)",2013-09-01
entry-539,Enterprise,Mexico, Carretera ,2156,3.00,125.00," $2,69,500.00 "," $(21,560.00)",2014-10-01
entry-540,Midmarket,Canada, Carretera ,2689,3.00,15.00," $40,335.00 "," $8,604.80 ",2014-11-01
entry-541,Midmarket,United States of America, Montana ,677,5.00,15.00," $10,155.00 "," $2,166.40 ",2014-03-01
entry-542,Small Business,France, Montana ,1773,5.00,300.00," $5,31,900.00 "," $24,822.00 ",2014-04-01
entry-543,Government,Mexico, Montana ,2420,5.00,7.00," $16,940.00 "," $2,807.20 ",2014-09-01
entry-544,Government,Canada, Montana ,2734,5.00,7.00," $19,138.00 "," $3,171.44 ",2014-10-01
entry-545,Government,Mexico, Montana ,1715,5.00,20.00," $34,300.00 "," $13,034.00 ",2013-10-01
entry-546,Small Business,France, Montana ,1186,5.00,300.00," $3,55,800.00 "," $16,604.00 ",2013-12-01
entry-547,Small Business,United States of America, Paseo ,3495,10.00,300.00," $10,48,500.00 "," $48,930.00 ",2014-01-01
entry-548,Government,Mexico, Paseo ,886,10.00,350.00," $3,10,100.00 "," $42,528.00 ",2014-06-01
entry-549,Enterprise,Mexico, Paseo ,2156,10.00,125.00," $2,69,500.00 "," $(21,560.00)",2014-10-01
entry-550,Government,Mexico, Paseo ,905,10.00,20.00," $18,100.00 "," $6,878.00 ",2014-10-01
entry-551,Government,Mexico, Paseo ,1715,10.00,20.00," $34,300.00 "," $13,034.00 ",2013-10-01
entry-552,Government,France, Paseo ,1594,10.00,350.00," $5,57,900.00 "," $76,512.00 ",2014-11-01
entry-553,Small Business,Germany, Paseo ,1359,10.00,300.00," $4,07,700.00 "," $19,026.00 ",2014-11-01
entry-554,Small Business,Mexico, Paseo ,2150,10.00,300.00," $6,45,000.00 "," $30,100.00 ",2014-11-01
entry-555,Government,Mexico, Paseo ,1197,10.00,350.00," $4,18,950.00 "," $57,456.00 ",2014-11-01
entry-556,Midmarket,Mexico, Paseo ,380,10.00,15.00," $5,700.00 "," $1,216.00 ",2013-12-01
entry-557,Government,Mexico, Paseo ,1233,10.00,20.00," $24,660.00 "," $9,370.80 ",2014-12-01
entry-558,Government,Mexico, Velo ,1395,120.00,350.00," $4,88,250.00 "," $66,960.00 ",2014-07-01
entry-559,Government,United States of America, Velo ,986,120.00,350.00," $3,45,100.00 "," $47,328.00 ",2014-10-01
entry-560,Government,Mexico, Velo ,905,120.00,20.00," $18,100.00 "," $6,878.00 ",2014-10-01
entry-561,Channel Partners,Canada, VTT ,2109,250.00,12.00," $25,308.00 "," $15,944.04 ",2014-05-01
entry-562,Midmarket,France, VTT ,3874.5,250.00,15.00," $58,117.50 "," $12,398.40 ",2014-07-01
entry-563,Government,Canada, VTT ,623,250.00,350.00," $2,18,050.00 "," $29,904.00 ",2013-09-01
entry-564,Government,United States of America, VTT ,986,250.00,350.00," $3,45,100.00 "," $47,328.00 ",2014-10-01
entry-565,Enterprise,United States of America, VTT ,2387,250.00,125.00," $2,98,375.00 "," $(23,870.00)",2014-11-01
entry-566,Government,Mexico, VTT ,1233,250.00,20.00," $24,660.00 "," $9,370.80 ",2014-12-01
entry-567,Government,United States of America, Amarilla ,270,260.00,350.00," $94,500.00 "," $12,960.00 ",2014-02-01
entry-568,Government,France, Amarilla ,3421.5,260.00,7.00," $23,950.50 "," $3,968.94 ",2014-07-01
entry-569,Government,Canada, Amarilla ,2734,260.00,7.00," $19,138.00 "," $3,171.44 ",2014-10-01
entry-570,Midmarket,United States of America, Amarilla ,2548,260.00,15.00," $38,220.00 "," $8,153.60 ",2013-11-01
entry-571,Government,France, Carretera ,2521.5,3.00,20.00," $50,430.00 "," $19,163.40 ",2014-01-01
entry-572,Channel Partners,Mexico, Montana ,2661,5.00,12.00," $31,932.00 "," $20,117.16 ",2014-05-01
entry-573,Government,Germany, Paseo ,1531,10.00,20.00," $30,620.00 "," $11,635.60 ",2014-12-01
entry-574,Government,France, VTT ,1491,250.00,7.00," $10,437.00 "," $1,729.56 ",2014-03-01
entry-575,Government,Germany, VTT ,1531,250.00,20.00," $30,620.00 "," $11,635.60 ",2014-12-01
entry-576,Channel Partners,Canada, Amarilla ,2761,260.00,12.00," $33,132.00 "," $20,873.16 ",2013-09-01
entry-577,Midmarket,United States of America, Carretera ,2567,3.00,15.00," $38,505.00 "," $7,829.35 ",2014-06-01
entry-578,Midmarket,United States of America, VTT ,2567,250.00,15.00," $38,505.00 "," $7,829.35 ",2014-06-01
entry-579,Government,Canada, Carretera ,923,3.00,350.00," $3,23,050.00 "," $41,073.50 ",2014-03-01
entry-580,Government,France, Carretera ,1790,3.00,350.00," $6,26,500.00 "," $79,655.00 ",2014-03-01
entry-581,Government,Germany, Carretera ,442,3.00,20.00," $8,840.00 "," $3,270.80 ",2013-09-01
entry-582,Government,United States of America, Montana ,982.5,5.00,350.00," $3,43,875.00 "," $43,721.25 ",2014-01-01
entry-583,Government,United States of America, Montana ,1298,5.00,7.00," $9,086.00 "," $1,414.82 ",2014-02-01
entry-584,Channel Partners,Mexico, Montana ,604,5.00,12.00," $7,248.00 "," $4,493.76 ",2014-06-01
entry-585,Government,Mexico, Montana ,2255,5.00,20.00," $45,100.00 "," $16,687.00 ",2014-07-01
entry-586,Government,Canada, Montana ,1249,5.00,20.00," $24,980.00 "," $9,242.60 ",2014-10-01
entry-587,Government,United States of America, Paseo ,1438.5,10.00,7.00," $10,069.50 "," $1,567.97 ",2014-01-01
entry-588,Small Business,Germany, Paseo ,807,10.00,300.00," $2,42,100.00 "," $8,877.00 ",2014-01-01
entry-589,Government,United States of America, Paseo ,2641,10.00,20.00," $52,820.00 "," $19,543.40 ",2014-02-01
entry-590,Government,Germany, Paseo ,2708,10.00,20.00," $54,160.00 "," $20,039.20 ",2014-02-01
entry-591,Government,Canada, Paseo ,2632,10.00,350.00," $9,21,200.00 "," $1,17,124.00 ",2014-06-01
entry-592,Enterprise,Canada, Paseo ,1583,10.00,125.00," $1,97,875.00 "," $(17,808.75)",2014-06-01
entry-593,Channel Partners,Mexico, Paseo ,571,10.00,12.00," $6,852.00 "," $4,248.24 ",2014-07-01
entry-594,Government,France, Paseo ,2696,10.00,7.00," $18,872.00 "," $2,938.64 ",2014-08-01
entry-595,Midmarket,Canada, Paseo ,1565,10.00,15.00," $23,475.00 "," $4,773.25 ",2014-10-01
entry-596,Government,Canada, Paseo ,1249,10.00,20.00," $24,980.00 "," $9,242.60 ",2014-10-01
entry-597,Government,Germany, Paseo ,357,10.00,350.00," $1,24,950.00 "," $15,886.50 ",2014-11-01
entry-598,Channel Partners,Germany, Paseo ,1013,10.00,12.00," $12,156.00 "," $7,536.72 ",2014-12-01
entry-599,Midmarket,France, Velo ,3997.5,120.00,15.00," $59,962.50 "," $12,192.38 ",2014-01-01
entry-600,Government,Canada, Velo ,2632,120.00,350.00," $9,21,200.00 "," $1,17,124.00 ",2014-06-01
entry-601,Government,France, Velo ,1190,120.00,7.00," $8,330.00 "," $1,297.10 ",2014-06-01
entry-602,Channel Partners,Mexico, Velo ,604,120.00,12.00," $7,248.00 "," $4,493.76 ",2014-06-01
entry-603,Midmarket,Germany, Velo ,660,120.00,15.00," $9,900.00 "," $2,013.00 ",2013-09-01
entry-604,Channel Partners,Mexico, Velo ,410,120.00,12.00," $4,920.00 "," $3,050.40 ",2014-10-01
entry-605,Small Business,Mexico, Velo ,2605,120.00,300.00," $7,81,500.00 "," $28,655.00 ",2013-11-01
entry-606,Channel Partners,Germany, Velo ,1013,120.00,12.00," $12,156.00 "," $7,536.72 ",2014-12-01
entry-607,Enterprise,Canada, VTT ,1583,250.00,125.00," $1,97,875.00 "," $(17,808.75)",2014-06-01
entry-608,Midmarket,Canada, VTT ,1565,250.00,15.00," $23,475.00 "," $4,773.25 ",2014-10-01
entry-609,Enterprise,Canada, Amarilla ,1659,260.00,125.00," $2,07,375.00 "," $(18,663.75)",2014-01-01
entry-610,Government,France, Amarilla ,1190,260.00,7.00," $8,330.00 "," $1,297.10 ",2014-06-01
entry-611,Channel Partners,Mexico, Amarilla ,410,260.00,12.00," $4,920.00 "," $3,050.40 ",2014-10-01
entry-612,Channel Partners,Germany, Amarilla ,1770,260.00,12.00," $21,240.00 "," $13,168.80 ",2013-12-01
entry-613,Government,Mexico, Carretera ,2579,3.00,20.00," $51,580.00 "," $18,568.80 ",2014-04-01
entry-614,Government,United States of America, Carretera ,1743,3.00,20.00," $34,860.00 "," $12,549.60 ",2014-05-01
entry-615,Government,United States of America, Carretera ,2996,3.00,7.00," $20,972.00 "," $3,055.92 ",2013-10-01
entry-616,Government,Germany, Carretera ,280,3.00,7.00," $1,960.00 ", $285.60 ,2014-12-01
entry-617,Government,France, Montana ,293,5.00,7.00," $2,051.00 ", $298.86 ,2014-02-01
entry-618,Government,United States of America, Montana ,2996,5.00,7.00," $20,972.00 "," $3,055.92 ",2013-10-01
entry-619,Midmarket,Germany, Paseo ,278,10.00,15.00," $4,170.00 ", $806.20 ,2014-02-01
entry-620,Government,Canada, Paseo ,2428,10.00,20.00," $48,560.00 "," $17,481.60 ",2014-03-01
entry-621,Midmarket,United States of America, Paseo ,1767,10.00,15.00," $26,505.00 "," $5,124.30 ",2014-09-01
entry-622,Channel Partners,France, Paseo ,1393,10.00,12.00," $16,716.00 "," $10,196.76 ",2014-10-01
entry-623,Government,Germany, VTT ,280,250.00,7.00," $1,960.00 ", $285.60 ,2014-12-01
entry-624,Channel Partners,France, Amarilla ,1393,260.00,12.00," $16,716.00 "," $10,196.76 ",2014-10-01
entry-625,Channel Partners,United States of America, Amarilla ,2015,260.00,12.00," $24,180.00 "," $14,749.80 ",2013-12-01
entry-626,Small Business,Mexico, Carretera ,801,3.00,300.00," $2,40,300.00 "," $6,408.00 ",2014-07-01
entry-627,Enterprise,France, Carretera ,1023,3.00,125.00," $1,27,875.00 "," $(12,787.50)",2013-09-01
entry-628,Small Business,Canada, Carretera ,1496,3.00,300.00," $4,48,800.00 "," $11,968.00 ",2014-10-01
entry-629,Small Business,United States of America, Carretera ,1010,3.00,300.00," $3,03,000.00 "," $8,080.00 ",2014-10-01
entry-630,Midmarket,Germany, Carretera ,1513,3.00,15.00," $22,695.00 "," $4,387.70 ",2014-11-01
entry-631,Midmarket,Canada, Carretera ,2300,3.00,15.00," $34,500.00 "," $6,670.00 ",2014-12-01
entry-632,Enterprise,Mexico, Carretera ,2821,3.00,125.00," $3,52,625.00 "," $(35,262.50)",2013-12-01
entry-633,Government,Canada, Montana ,2227.5,5.00,350.00," $7,79,625.00 "," $91,327.50 ",2014-01-01
entry-634,Government,Germany, Montana ,1199,5.00,350.00," $4,19,650.00 "," $49,159.00 ",2014-04-01
entry-635,Government,Canada, Montana ,200,5.00,350.00," $70,000.00 "," $8,200.00 ",2014-05-01
entry-636,Government,Canada, Montana ,388,5.00,7.00," $2,716.00 ", $395.76 ,2014-09-01
entry-637,Government,Mexico, Montana ,1727,5.00,7.00," $12,089.00 "," $1,761.54 ",2013-10-01
entry-638,Midmarket,Canada, Montana ,2300,5.00,15.00," $34,500.00 "," $6,670.00 ",2014-12-01
entry-639,Government,Mexico, Paseo ,260,10.00,20.00," $5,200.00 "," $1,872.00 ",2014-02-01
entry-640,Midmarket,Canada, Paseo ,2470,10.00,15.00," $37,050.00 "," $7,163.00 ",2013-09-01
entry-641,Midmarket,Canada, Paseo ,1743,10.00,15.00," $26,145.00 "," $5,054.70 ",2013-10-01
entry-642,Channel Partners,United States of America, Paseo ,2914,10.00,12.00," $34,968.00 "," $21,330.48 ",2014-10-01
entry-643,Government,France, Paseo ,1731,10.00,7.00," $12,117.00 "," $1,765.62 ",2014-10-01
entry-644,Government,Canada, Paseo ,700,10.00,350.00," $2,45,000.00 "," $28,700.00 ",2014-11-01
entry-645,Channel Partners,Canada, Paseo ,2222,10.00,12.00," $26,664.00 "," $16,265.04 ",2013-11-01
entry-646,Government,United States of America, Paseo ,1177,10.00,350.00," $4,11,950.00 "," $48,257.00 ",2014-11-01
entry-647,Government,France, Paseo ,1922,10.00,350.00," $6,72,700.00 "," $78,802.00 ",2013-11-01
entry-648,Enterprise,Mexico, Velo ,1575,120.00,125.00," $1,96,875.00 "," $(19,687.50)",2014-02-01
entry-649,Government,United States of America, Velo ,606,120.00,20.00," $12,120.00 "," $4,363.20 ",2014-04-01
entry-650,Small Business,United States of America, Velo ,2460,120.00,300.00," $7,38,000.00 "," $19,680.00 ",2014-07-01
entry-651,Small Business,Canada, Velo ,269,120.00,300.00," $80,700.00 "," $2,152.00 ",2013-10-01
entry-652,Small Business,Germany, Velo ,2536,120.00,300.00," $7,60,800.00 "," $20,288.00 ",2013-11-01
entry-653,Government,Mexico, VTT ,2903,250.00,7.00," $20,321.00 "," $2,961.06 ",2014-03-01
entry-654,Small Business,United States of America, VTT ,2541,250.00,300.00," $7,62,300.00 "," $20,328.00 ",2014-08-01
entry-655,Small Business,Canada, VTT ,269,250.00,300.00," $80,700.00 "," $2,152.00 ",2013-10-01
entry-656,Small Business,Canada, VTT ,1496,250.00,300.00," $4,48,800.00 "," $11,968.00 ",2014-10-01
entry-657,Small Business,United States of America, VTT ,1010,250.00,300.00," $3,03,000.00 "," $8,080.00 ",2014-10-01
entry-658,Government,France, VTT ,1281,250.00,350.00," $4,48,350.00 "," $52,521.00 ",2013-12-01
entry-659,Small Business,Canada, Amarilla ,888,260.00,300.00," $2,66,400.00 "," $7,104.00 ",2014-03-01
entry-660,Enterprise,United States of America, Amarilla ,2844,260.00,125.00," $3,55,500.00 "," $(35,550.00)",2014-05-01
entry-661,Channel Partners,France, Amarilla ,2475,260.00,12.00," $29,700.00 "," $18,117.00 ",2014-08-01
entry-662,Midmarket,Canada, Amarilla ,1743,260.00,15.00," $26,145.00 "," $5,054.70 ",2013-10-01
entry-663,Channel Partners,United States of America, Amarilla ,2914,260.00,12.00," $34,968.00 "," $21,330.48 ",2014-10-01
entry-664,Government,France, Amarilla ,1731,260.00,7.00," $12,117.00 "," $1,765.62 ",2014-10-01
entry-665,Government,Mexico, Amarilla ,1727,260.00,7.00," $12,089.00 "," $1,761.54 ",2013-10-01
entry-666,Midmarket,Mexico, Amarilla ,1870,260.00,15.00," $28,050.00 "," $5,423.00 ",2013-11-01
entry-667,Enterprise,France, Carretera ,1174,3.00,125.00," $1,46,750.00 "," $(16,142.50)",2014-08-01
entry-668,Enterprise,Germany, Carretera ,2767,3.00,125.00," $3,45,875.00 "," $(38,046.25)",2014-08-01
entry-669,Enterprise,Germany, Carretera ,1085,3.00,125.00," $1,35,625.00 "," $(14,918.75)",2014-10-01
entry-670,Small Business,Mexico, Montana ,546,5.00,300.00," $1,63,800.00 "," $2,730.00 ",2014-10-01
entry-671,Government,Germany, Paseo ,1158,10.00,20.00," $23,160.00 "," $8,106.00 ",2014-03-01
entry-672,Midmarket,Canada, Paseo ,1614,10.00,15.00," $24,210.00 "," $4,438.50 ",2014-04-01
entry-673,Government,Mexico, Paseo ,2535,10.00,7.00," $17,745.00 "," $2,408.25 ",2014-04-01
entry-674,Government,Mexico, Paseo ,2851,10.00,350.00," $9,97,850.00 "," $1,06,912.50 ",2014-05-01
entry-675,Midmarket,Canada, Paseo ,2559,10.00,15.00," $38,385.00 "," $7,037.25 ",2014-08-01
entry-676,Government,United States of America, Paseo ,267,10.00,20.00," $5,340.00 "," $1,869.00 ",2013-10-01
entry-677,Enterprise,Germany, Paseo ,1085,10.00,125.00," $1,35,625.00 "," $(14,918.75)",2014-10-01
entry-678,Midmarket,Germany, Paseo ,1175,10.00,15.00," $17,625.00 "," $3,231.25 ",2014-10-01
entry-679,Government,United States of America, Paseo ,2007,10.00,350.00," $7,02,450.00 "," $75,262.50 ",2013-11-01
entry-680,Government,Mexico, Paseo ,2151,10.00,350.00," $7,52,850.00 "," $80,662.50 ",2013-11-01
entry-681,Channel Partners,United States of America, Paseo ,914,10.00,12.00," $10,968.00 "," $6,580.80 ",2014-12-01
entry-682,Government,France, Paseo ,293,10.00,20.00," $5,860.00 "," $2,051.00 ",2014-12-01
entry-683,Channel Partners,Mexico, Velo ,500,120.00,12.00," $6,000.00 "," $3,600.00 ",2014-03-01
entry-684,Midmarket,France, Velo ,2826,120.00,15.00," $42,390.00 "," $7,771.50 ",2014-05-01
entry-685,Enterprise,France, Velo ,663,120.00,125.00," $82,875.00 "," $(9,116.25)",2014-09-01
entry-686,Small Business,United States of America, Velo ,2574,120.00,300.00," $7,72,200.00 "," $12,870.00 ",2013-11-01
entry-687,Enterprise,United States of America, Velo ,2438,120.00,125.00," $3,04,750.00 "," $(33,522.50)",2013-12-01
entry-688,Channel Partners,United States of America, Velo ,914,120.00,12.00," $10,968.00 "," $6,580.80 ",2014-12-01
entry-689,Government,Canada, VTT ,865.5,250.00,20.00," $17,310.00 "," $6,058.50 ",2014-07-01
entry-690,Midmarket,Germany, VTT ,492,250.00,15.00," $7,380.00 "," $1,353.00 ",2014-07-01
entry-691,Government,United States of America, VTT ,267,250.00,20.00," $5,340.00 "," $1,869.00 ",2013-10-01
entry-692,Midmarket,Germany, VTT ,1175,250.00,15.00," $17,625.00 "," $3,231.25 ",2014-10-01
entry-693,Enterprise,Canada, VTT ,2954,250.00,125.00," $3,69,250.00 "," $(40,617.50)",2013-11-01
entry-694,Enterprise,Germany, VTT ,552,250.00,125.00," $69,000.00 "," $(7,590.00)",2014-11-01
entry-695,Government,France, VTT ,293,250.00,20.00," $5,860.00 "," $2,051.00 ",2014-12-01
entry-696,Small Business,France, Amarilla ,2475,260.00,300.00," $7,42,500.00 "," $12,375.00 ",2014-03-01
entry-697,Small Business,Mexico, Amarilla ,546,260.00,300.00," $1,63,800.00 "," $2,730.00 ",2014-10-01
entry-698,Government,Mexico, Montana ,1368,5.00,7.00," $9,576.00 "," $1,299.60 ",2014-02-01
entry-699,Government,Canada, Paseo ,723,10.00,7.00," $5,061.00 ", $686.85 ,2014-04-01
entry-700,Channel Partners,United States of America, VTT ,1806,250.00,12.00," $21,672.00 "," $13,003.20 ",2014-05-01